date,portfolio_return,rebalance_date,num_assets,cumulative_return
2021-01-04 00:00:00-05:00,0.0004141380290052129,2020-12-31 00:00:00-05:00,27,1.0004141380290053
2021-01-05 00:00:00-05:00,0.0009652412467164392,2020-12-31 00:00:00-05:00,27,1.0013797790188292
2021-01-06 00:00:00-05:00,-0.011295867727134598,2020-12-31 00:00:00-05:00,27,0.9900683254904052
2021-01-07 00:00:00-05:00,-0.0004310056927402614,2020-12-31 00:00:00-05:00,27,0.9896416004059171
2021-01-08 00:00:00-05:00,-0.007466071827150778,2020-12-31 00:00:00-05:00,27,0.9822528651341501
2021-01-11 00:00:00-05:00,-0.003715600027345979,2020-12-31 00:00:00-05:00,27,0.978603206361597
2021-01-12 00:00:00-05:00,0.0005589505406981305,2020-12-31 00:00:00-05:00,27,0.9791501971529218
2021-01-13 00:00:00-05:00,0.003379026572657274,2020-12-31 00:00:00-05:00,27,0.9824587716877241
2021-01-14 00:00:00-05:00,-0.004436215591207525,2020-12-31 00:00:00-05:00,27,0.9781003727670444
2021-01-15 00:00:00-05:00,-0.004981898985198435,2020-12-31 00:00:00-05:00,27,0.9732275755125341
2021-01-19 00:00:00-05:00,0.005934623140513552,2020-12-31 00:00:00-05:00,27,0.9790033144031567
2021-01-20 00:00:00-05:00,0.008663295871743713,2020-12-31 00:00:00-05:00,27,0.9874847097752489
2021-01-21 00:00:00-05:00,-0.002123084290531875,2020-12-31 00:00:00-05:00,27,0.9853881965007847
2021-01-22 00:00:00-05:00,-0.001168812429201422,2020-12-31 00:00:00-05:00,27,0.9842364625291262
2021-01-25 00:00:00-05:00,0.0067792957473113,2020-12-31 00:00:00-05:00,27,0.9909088925938987
2021-01-26 00:00:00-05:00,0.0020045209045748934,2020-12-31 00:00:00-05:00,27,0.9928951901836324
2021-01-27 00:00:00-05:00,-0.01388701819342723,2020-12-31 00:00:00-05:00,27,0.9791068366133859
2021-01-28 00:00:00-05:00,0.0021053007897965325,2020-12-31 00:00:00-05:00,27,0.9811681510098031
2021-01-29 00:00:00-05:00,-0.010782950878582491,2020-12-31 00:00:00-05:00,27,0.9705882630338348
2021-02-01 00:00:00-05:00,0.006660107643847924,2020-12-31 00:00:00-05:00,27,0.9770524853434955
2021-02-02 00:00:00-05:00,-0.0019870594478968748,2020-12-31 00:00:00-05:00,27,0.9751110239714026
2021-02-03 00:00:00-05:00,-0.0015596438793360557,2021-02-02 00:00:00-05:00,27,0.9735901980311925
2021-02-04 00:00:00-05:00,-0.002850240826462118,2021-02-02 00:00:00-05:00,27,0.9708152315005206
2021-02-05 00:00:00-05:00,0.0034350921075190833,2021-02-02 00:00:00-05:00,27,0.9741500712401073
2021-02-08 00:00:00-05:00,0.003758590216402476,2021-02-02 00:00:00-05:00,27,0.9778115021671783
2021-02-09 00:00:00-05:00,0.0010033683792547141,2021-02-02 00:00:00-05:00,27,0.9787926073093244
2021-02-10 00:00:00-05:00,0.0010710349602643364,2021-02-02 00:00:00-05:00,27,0.9798409284106009
2021-02-11 00:00:00-05:00,-0.004364636231323657,2021-02-02 00:00:00-05:00,27,0.9755642791935262
2021-02-12 00:00:00-05:00,-0.0030860055497166517,2021-02-02 00:00:00-05:00,27,0.9725536824138297
2021-02-16 00:00:00-05:00,-0.007820197050123016,2021-02-02 00:00:00-05:00,27,0.9649481209755307
2021-02-17 00:00:00-05:00,0.001367260369867386,2021-02-02 00:00:00-05:00,27,0.9662674563003185
2021-02-18 00:00:00-05:00,-0.005080900654323302,2021-02-02 00:00:00-05:00,27,0.9613579473493509
2021-02-19 00:00:00-05:00,-0.007047493138053921,2021-02-02 00:00:00-05:00,27,0.9545827838121926
2021-02-22 00:00:00-05:00,-0.0008103270356480882,2021-02-02 00:00:00-05:00,27,0.9538092595747054
2021-02-23 00:00:00-05:00,-0.0024056912432917623,2021-02-02 00:00:00-05:00,27,0.951514688991176
2021-02-24 00:00:00-05:00,-0.0009009021305595747,2021-02-02 00:00:00-05:00,27,0.9506574673806051
2021-02-25 00:00:00-05:00,-0.016485603723650565,2021-02-02 00:00:00-05:00,27,0.9349853050964392
2021-02-26 00:00:00-05:00,-0.0002045497464278294,2021-02-02 00:00:00-05:00,27,0.934794054089368
2021-03-01 00:00:00-05:00,0.0026530922821688865,2021-02-02 00:00:00-05:00,27,0.9372741489796897
2021-03-02 00:00:00-05:00,-0.002066914223851921,2021-02-02 00:00:00-05:00,27,0.9353368837095148
2021-03-03 00:00:00-05:00,-0.01216533208405856,2021-02-02 00:00:00-05:00,27,0.9239581999087201
2021-03-04 00:00:00-05:00,-0.007539507327147266,2021-02-02 00:00:00-05:00,27,0.9169920102905305
2021-03-05 00:00:00-05:00,0.009616434597446974,2021-03-04 00:00:00-05:00,27,0.9258102039838708
2021-03-08 00:00:00-05:00,-0.006843841316633851,2021-03-04 00:00:00-05:00,27,0.9194741058584848
2021-03-09 00:00:00-05:00,0.012922390269960376,2021-03-04 00:00:00-05:00,27,0.931355909097511
2021-03-10 00:00:00-05:00,0.006187161178279317,2021-03-04 00:00:00-05:00,27,0.9371183582214402
2021-03-11 00:00:00-05:00,-0.00034567262114729456,2021-03-04 00:00:00-05:00,27,0.9367944220622285
2021-03-12 00:00:00-05:00,-0.0046298192102570725,2021-03-04 00:00:00-05:00,27,0.9324572332509031
2021-03-15 00:00:00-04:00,0.005346353929352075,2021-03-04 00:00:00-05:00,27,0.9374424796438469
2021-03-16 00:00:00-04:00,0.001137111192245034,2021-03-04 00:00:00-05:00,27,0.9385084559795359
2021-03-17 00:00:00-04:00,-0.002372028982310695,2021-03-04 00:00:00-05:00,27,0.9362822867218088
2021-03-18 00:00:00-04:00,-0.00970015456529841,2021-03-04 00:00:00-05:00,27,0.9272002038238563
2021-03-19 00:00:00-04:00,0.004224982347551804,2021-03-04 00:00:00-05:00,27,0.9311176083176584
2021-03-22 00:00:00-04:00,0.008148209257272412,2021-03-04 00:00:00-05:00,27,0.9387045494333618
2021-03-23 00:00:00-04:00,0.0013459028341010408,2021-03-04 00:00:00-05:00,27,0.9399679545468276
2021-03-24 00:00:00-04:00,0.0005826138039892468,2021-03-04 00:00:00-05:00,27,0.9405155928524541
2021-03-25 00:00:00-04:00,-0.0018432553817724648,2021-03-04 00:00:00-05:00,27,0.9387819824242879
2021-03-26 00:00:00-04:00,0.006598813103134537,2021-03-04 00:00:00-05:00,27,0.9449768292708959
2021-03-29 00:00:00-04:00,-0.0009571187795693033,2021-03-04 00:00:00-05:00,27,0.9440723742013428
2021-03-30 00:00:00-04:00,-0.006275421504718884,2021-03-04 00:00:00-05:00,27,0.9381479221222686
2021-03-31 00:00:00-04:00,0.0035222250680058908,2021-03-04 00:00:00-05:00,27,0.9414522902510652
2021-04-01 00:00:00-04:00,0.009191002271462663,2021-03-04 00:00:00-05:00,27,0.9501051803892366
2021-04-05 00:00:00-04:00,0.00438335476807628,2021-03-04 00:00:00-05:00,27,0.9542698284618698
2021-04-06 00:00:00-04:00,0.003506211667271262,2021-04-05 00:00:00-04:00,27,0.9576157004681478
2021-04-07 00:00:00-04:00,-0.002489590959351229,2021-04-05 00:00:00-04:00,27,0.9552316290777295
2021-04-08 00:00:00-04:00,0.004688855385940315,2021-04-05 00:00:00-04:00,27,0.9597105720465512
2021-04-09 00:00:00-04:00,-0.0022647788342436198,2021-04-05 00:00:00-04:00,27,0.9575370398559804
2021-04-12 00:00:00-04:00,0.0002591897382201677,2021-04-05 00:00:00-04:00,27,0.9577852236306769
2021-04-13 00:00:00-04:00,0.0007488753203354742,2021-04-05 00:00:00-04:00,27,0.9585024853468359
2021-04-14 00:00:00-04:00,-0.0021689870206525095,2021-04-05 00:00:00-04:00,27,0.9564235058968554
2021-04-15 00:00:00-04:00,0.012288597174764682,2021-04-05 00:00:00-04:00,27,0.968176609089298
2021-04-16 00:00:00-04:00,0.0025557847633436025,2021-04-05 00:00:00-04:00,27,0.970651060115034
2021-04-19 00:00:00-04:00,-0.0017455833372942379,2021-04-05 00:00:00-04:00,27,0.9689567077981702
2021-04-20 00:00:00-04:00,0.006383526390233389,2021-04-05 00:00:00-04:00,27,0.9751420685133936
2021-04-21 00:00:00-04:00,0.004219975373482285,2021-04-05 00:00:00-04:00,27,0.9792571440281665
2021-04-22 00:00:00-04:00,-0.0048889026867394,2021-04-05 00:00:00-04:00,27,0.9744696511457185
2021-04-23 00:00:00-04:00,-0.0005829181868195052,2021-04-05 00:00:00-04:00,27,0.973901615063562
2021-04-26 00:00:00-04:00,-0.005320277968393717,2021-04-05 00:00:00-04:00,27,0.9687201877575562
2021-04-27 00:00:00-04:00,-0.003927707894130402,2021-04-05 00:00:00-04:00,27,0.9649153378288973
2021-04-28 00:00:00-04:00,-7.238839917611198e-05,2021-04-05 00:00:00-04:00,27,0.9648454891522513
2021-04-29 00:00:00-04:00,0.0029273012080594614,2021-04-05 00:00:00-04:00,27,0.9676698825182375
2021-04-30 00:00:00-04:00,-2.61104409302851e-05,2021-04-05 00:00:00-04:00,27,0.96764461623093
2021-05-03 00:00:00-04:00,0.009650261064482147,2021-04-05 00:00:00-04:00,27,0.9769826393951991
2021-05-04 00:00:00-04:00,-0.0003183866240708219,2021-04-05 00:00:00-04:00,27,0.9766715811908663
2021-05-05 00:00:00-04:00,0.00015683442470793525,2021-05-04 00:00:00-04:00,27,0.976824756916431
2021-05-06 00:00:00-04:00,0.007162201462033099,2021-05-04 00:00:00-04:00,27,0.983820972618568
2021-05-07 00:00:00-04:00,0.0005172586209573002,2021-05-04 00:00:00-04:00,27,0.9843298624981335
2021-05-10 00:00:00-04:00,0.0029800644154630404,2021-05-04 00:00:00-04:00,27,0.9872632288944417
2021-05-11 00:00:00-04:00,-0.006123731775457684,2021-05-04 00:00:00-04:00,27,0.9812174936889199
2021-05-12 00:00:00-04:00,-0.009769298391315004,2021-05-04 00:00:00-04:00,27,0.9716316872062946
2021-05-13 00:00:00-04:00,0.008453646950230154,2021-05-04 00:00:00-04:00,27,0.979845518455593
2021-05-14 00:00:00-04:00,0.005660125560583812,2021-05-04 00:00:00-04:00,27,0.9853915671200268
2021-05-17 00:00:00-04:00,0.0007118487182807175,2021-05-04 00:00:00-04:00,27,0.9860930168440858
2021-05-18 00:00:00-04:00,-0.00040765122604883333,2021-05-04 00:00:00-04:00,27,0.9856910348167711
2021-05-19 00:00:00-04:00,-0.0013194910671377024,2021-05-04 00:00:00-04:00,27,0.9843904243013727
2021-05-20 00:00:00-04:00,0.007468896130740353,2021-05-04 00:00:00-04:00,27,0.9917427341325751
2021-05-21 00:00:00-04:00,0.00021795477416376664,2021-05-04 00:00:00-04:00,27,0.9919588891962215
2021-05-24 00:00:00-04:00,0.0021684504046254566,2021-05-04 00:00:00-04:00,27,0.994109902850871
2021-05-25 00:00:00-04:00,0.004341580193998262,2021-05-04 00:00:00-04:00,27,0.9984259107157459
2021-05-26 00:00:00-04:00,-0.002206280127510924,2021-05-04 00:00:00-04:00,27,0.9962231034701419
2021-05-27 00:00:00-04:00,-0.006756548353843643,2021-05-04 00:00:00-04:00,27,0.9894920739003297
2021-05-28 00:00:00-04:00,0.0018088751443827952,2021-05-04 00:00:00-04:00,27,0.9912819415183718
2021-06-01 00:00:00-04:00,-0.00640257591930006,2021-05-04 00:00:00-04:00,27,0.9849351836303692
2021-06-02 00:00:00-04:00,0.002800056751287665,2021-05-04 00:00:00-04:00,27,0.9876930580408742
2021-06-03 00:00:00-04:00,-0.0011732915365471103,2021-05-04 00:00:00-04:00,27,0.9865342061351685
2021-06-04 00:00:00-04:00,0.006582956631556852,2021-06-03 00:00:00-04:00,27,0.9930285180297038
2021-06-07 00:00:00-04:00,-0.0012354065518027004,2021-06-03 00:00:00-04:00,27,0.9918017240924031
2021-06-08 00:00:00-04:00,-0.0030642502110685937,2021-06-03 00:00:00-04:00,27,0.9887625954500148
2021-06-09 00:00:00-04:00,0.00395673934705264,2021-06-03 00:00:00-04:00,27,0.9926748713163256
2021-06-10 00:00:00-04:00,0.007406336050252459,2021-06-03 00:00:00-04:00,27,1.0000269550019354
2021-06-11 00:00:00-04:00,-0.004756419812611897,2021-06-03 00:00:00-04:00,27,0.9952704069800182
2021-06-14 00:00:00-04:00,-0.00277840920739633,2021-06-03 00:00:00-04:00,27,0.9925051385174158
2021-06-15 00:00:00-04:00,-0.002110797210058076,2021-06-03 00:00:00-04:00,27,0.990410161440065
2021-06-16 00:00:00-04:00,-0.008602893512380722,2021-06-03 00:00:00-04:00,27,0.9818897682876163
2021-06-17 00:00:00-04:00,0.0026577901472708775,2021-06-03 00:00:00-04:00,27,0.9844994252394772
2021-06-18 00:00:00-04:00,-0.0048275189187326345,2021-06-03 00:00:00-04:00,27,0.9797467356386522
2021-06-21 00:00:00-04:00,0.0023010724489319475,2021-06-03 00:00:00-04:00,27,0.9820012038589613
2021-06-22 00:00:00-04:00,0.0006761898822595166,2021-06-03 00:00:00-04:00,27,0.9826652231373775
2021-06-23 00:00:00-04:00,-0.0046333387413644905,2021-06-03 00:00:00-04:00,27,0.9781122022892235
2021-06-24 00:00:00-04:00,0.0025884112243565894,2021-06-03 00:00:00-04:00,27,0.980643958892309
2021-06-25 00:00:00-04:00,0.0013315771289709691,2021-06-03 00:00:00-04:00,27,0.9819497619596337
2021-06-28 00:00:00-04:00,0.003634020020984435,2021-06-03 00:00:00-04:00,27,0.9855181870541958
2021-06-29 00:00:00-04:00,-0.0032337349456781008,2021-06-03 00:00:00-04:00,27,0.9823312824531173
2021-06-30 00:00:00-04:00,0.00652372114942367,2021-06-03 00:00:00-04:00,27,0.9887397378161971
2021-07-01 00:00:00-04:00,0.0015050187435218393,2021-06-03 00:00:00-04:00,27,0.9902278096540754
2021-07-02 00:00:00-04:00,0.007066979404624943,2021-06-03 00:00:00-04:00,27,0.9972257291907877
2021-07-06 00:00:00-04:00,0.0033934230657010037,2021-07-02 00:00:00-04:00,27,1.000609737981934
2021-07-07 00:00:00-04:00,0.006389786884339334,2021-07-02 00:00:00-04:00,27,1.0070034209620333
2021-07-08 00:00:00-04:00,0.0005239786550287062,2021-07-02 00:00:00-04:00,27,1.0075310692601582
2021-07-09 00:00:00-04:00,-0.0026391757413679576,2021-07-02 00:00:00-04:00,27,1.0048720177034922
2021-07-12 00:00:00-04:00,-0.00011423124315002516,2021-07-02 00:00:00-04:00,27,1.0047572299237033
2021-07-13 00:00:00-04:00,0.0004352155127450655,2021-07-02 00:00:00-04:00,27,1.005194515856709
2021-07-14 00:00:00-04:00,0.008811661699592403,2021-07-02 00:00:00-04:00,27,1.0140519498727238
2021-07-15 00:00:00-04:00,0.0043649960198171005,2021-07-02 00:00:00-04:00,27,1.018478282597806
2021-07-16 00:00:00-04:00,0.00016924734695465663,2021-07-02 00:00:00-04:00,27,1.0186506573450667
2021-07-19 00:00:00-04:00,0.004298419732233718,2021-07-02 00:00:00-04:00,27,1.0230292454308516
2021-07-20 00:00:00-04:00,-0.001350823473344765,2021-07-02 00:00:00-04:00,27,1.0216473135122053
2021-07-21 00:00:00-04:00,-0.004556894461811995,2021-07-02 00:00:00-04:00,27,1.0169917745273365
2021-07-22 00:00:00-04:00,0.003375055289655361,2021-07-02 00:00:00-04:00,27,1.020424177995491
2021-07-23 00:00:00-04:00,0.00376321960442382,2021-07-02 00:00:00-04:00,27,1.0242642582669517
2021-07-26 00:00:00-04:00,-0.0008100313763150602,2021-07-02 00:00:00-04:00,27,1.0234345720801172
2021-07-27 00:00:00-04:00,0.005789606621574759,2021-07-02 00:00:00-04:00,27,1.029359855655381
2021-07-28 00:00:00-04:00,-0.00267581534071682,2021-07-02 00:00:00-04:00,27,1.0266054787625003
2021-07-29 00:00:00-04:00,0.0012092909121544453,2021-07-02 00:00:00-04:00,27,1.0278469434383357
2021-07-30 00:00:00-04:00,0.003669401515753937,2021-07-02 00:00:00-04:00,27,1.0316185265705513
2021-08-02 00:00:00-04:00,0.002676802724821636,2021-07-02 00:00:00-04:00,27,1.0343799658534518
2021-08-03 00:00:00-04:00,0.007077131133645635,2021-07-02 00:00:00-04:00,27,1.0417004085138126
2021-08-04 00:00:00-04:00,-0.004690875076199732,2021-08-03 00:00:00-04:00,27,1.036813922030648
2021-08-05 00:00:00-04:00,-0.001362511520654432,2021-08-03 00:00:00-04:00,27,1.0354012511171062
2021-08-06 00:00:00-04:00,-0.010277922761748373,2021-08-03 00:00:00-04:00,27,1.0247594770307071
2021-08-09 00:00:00-04:00,-0.0018771810357577946,2021-08-03 00:00:00-04:00,27,1.0228358179742119
2021-08-10 00:00:00-04:00,0.0018773958370687765,2021-08-03 00:00:00-04:00,27,1.0247560856808815
2021-08-11 00:00:00-04:00,0.0015013572711678831,2021-08-03 00:00:00-04:00,27,1.026294610681292
2021-08-12 00:00:00-04:00,0.0014591623385001283,2021-08-03 00:00:00-04:00,27,1.0277921411254038
2021-08-13 00:00:00-04:00,0.01100777248596495,2021-08-03 00:00:00-04:00,27,1.039105843177775
2021-08-16 00:00:00-04:00,0.006278249717673798,2021-08-03 00:00:00-04:00,27,1.0456296091443393
2021-08-17 00:00:00-04:00,0.0023655582941270663,2021-08-03 00:00:00-04:00,27,1.0481031069388356
2021-08-18 00:00:00-04:00,-0.005445789408419324,2021-08-03 00:00:00-04:00,27,1.0423953581401366
2021-08-19 00:00:00-04:00,0.007438186226551612,2021-08-03 00:00:00-04:00,27,1.0501488889356758
2021-08-20 00:00:00-04:00,0.001164132323395657,2021-08-03 00:00:00-04:00,27,1.051371401201664
2021-08-23 00:00:00-04:00,-1.94739868735652e-06,2021-08-03 00:00:00-04:00,27,1.0513693537623774
2021-08-24 00:00:00-04:00,-0.008607757305722998,2021-08-03 00:00:00-04:00,27,1.042319421526516
2021-08-25 00:00:00-04:00,-0.006310882674094603,2021-08-03 00:00:00-04:00,27,1.035741465948332
2021-08-26 00:00:00-04:00,-0.0015047395019894144,2021-08-03 00:00:00-04:00,27,1.0341829448506712
2021-08-27 00:00:00-04:00,0.0034362876992885395,2021-08-03 00:00:00-04:00,27,1.0377366949828757
2021-08-30 00:00:00-04:00,0.002755526768881803,2021-08-03 00:00:00-04:00,27,1.040596206224952
2021-08-31 00:00:00-04:00,-0.003019819919012383,2021-08-03 00:00:00-04:00,27,1.0374537930737453
2021-09-01 00:00:00-04:00,0.0037826582818973496,2021-08-03 00:00:00-04:00,27,1.0413781262562016
2021-09-02 00:00:00-04:00,0.0027491361759110207,2021-09-01 00:00:00-04:00,27,1.044241016535895
2021-09-03 00:00:00-04:00,-0.0001834963412274392,2021-09-01 00:00:00-04:00,27,1.044049402130001
2021-09-07 00:00:00-04:00,-0.011832322388854366,2021-09-01 00:00:00-04:00,27,1.0316958730141084
2021-09-08 00:00:00-04:00,0.004062590920710852,2021-09-01 00:00:00-04:00,27,1.0358872313007503
2021-09-09 00:00:00-04:00,-4.89951593624636e-05,2021-09-01 00:00:00-04:00,27,1.0358364778407714
2021-09-10 00:00:00-04:00,-0.0055227221055792475,2021-09-01 00:00:00-04:00,27,1.0301158408268347
2021-09-13 00:00:00-04:00,0.004134060348789006,2021-09-01 00:00:00-04:00,27,1.0343744018790564
2021-09-14 00:00:00-04:00,0.003244515332171528,2021-09-01 00:00:00-04:00,27,1.0377304454851588
2021-09-15 00:00:00-04:00,-0.0009572527524027457,2021-09-01 00:00:00-04:00,27,1.036737075159966
2021-09-16 00:00:00-04:00,-0.007702239980666775,2021-09-01 00:00:00-04:00,27,1.0287518774102293
2021-09-17 00:00:00-04:00,-0.0034135367782145458,2021-09-01 00:00:00-04:00,27,1.0252401950410324
2021-09-20 00:00:00-04:00,0.0011920750775453025,2021-09-01 00:00:00-04:00,27,1.0264623583260386
2021-09-21 00:00:00-04:00,0.0016742209169346718,2021-09-01 00:00:00-04:00,27,1.0281808830767942
2021-09-22 00:00:00-04:00,0.001223683681552418,2021-09-01 00:00:00-04:00,27,1.0294390512450995
2021-09-23 00:00:00-04:00,-0.0077411008841913416,2021-09-01 00:00:00-04:00,27,1.021470059695285
2021-09-24 00:00:00-04:00,-0.004256184159893091,2021-09-01 00:00:00-04:00,27,1.017122495007405
2021-09-27 00:00:00-04:00,-0.005344542597727023,2021-09-01 00:00:00-04:00,27,1.0116864405057315
2021-09-28 00:00:00-04:00,-0.011164494477917607,2021-09-01 00:00:00-04:00,27,1.0003914728273213
2021-09-29 00:00:00-04:00,0.0034000844298533047,2021-09-01 00:00:00-04:00,27,1.0037928882978395
2021-09-30 00:00:00-04:00,-0.0035232889568130765,2021-09-01 00:00:00-04:00,27,1.0002562358995721
2021-10-01 00:00:00-04:00,0.0020420710877121595,2021-09-01 00:00:00-04:00,27,1.0022988302392066
2021-10-04 00:00:00-04:00,-0.0032071037265507998,2021-10-01 00:00:00-04:00,27,0.999084353925629
2021-10-05 00:00:00-04:00,-0.001447386290580336,2021-10-01 00:00:00-04:00,27,0.9976382929286237
2021-10-06 00:00:00-04:00,0.008079843054291087,2021-10-01 00:00:00-04:00,27,1.0056990537604378
2021-10-07 00:00:00-04:00,0.000815589946803903,2021-10-01 00:00:00-04:00,27,1.0065192917981949
2021-10-08 00:00:00-04:00,-0.0026913252915151337,2021-10-01 00:00:00-04:00,27,1.0038104209717804
2021-10-11 00:00:00-04:00,-0.0011418024454112115,2021-10-01 00:00:00-04:00,27,1.0026642677783857
2021-10-12 00:00:00-04:00,0.004376329557651718,2021-10-01 00:00:00-04:00,27,1.0070522570498655
2021-10-13 00:00:00-04:00,0.008003584795176094,2021-10-01 00:00:00-04:00,27,1.0151122851823375
2021-10-14 00:00:00-04:00,0.00703033756647949,2021-10-01 00:00:00-04:00,27,1.0222488672150498
2021-10-15 00:00:00-04:00,-0.003360161689300088,2021-10-01 00:00:00-04:00,27,1.0188139457345033
2021-10-18 00:00:00-04:00,-0.0028330900661177687,2021-10-01 00:00:00-04:00,27,1.0159275540656207
2021-10-19 00:00:00-04:00,-8.901848235983187e-05,2021-10-01 00:00:00-04:00,27,1.0158371177365701
2021-10-20 00:00:00-04:00,0.002913645728901283,2021-10-01 00:00:00-04:00,27,1.0187969072159226
2021-10-21 00:00:00-04:00,-0.002700336162826299,2021-10-01 00:00:00-04:00,27,1.016045813084792
2021-10-22 00:00:00-04:00,0.008162003212837882,2021-10-01 00:00:00-04:00,27,1.0243387822755805
2021-10-25 00:00:00-04:00,0.0011382150027504092,2021-10-01 00:00:00-04:00,27,1.0255047000454656
2021-10-26 00:00:00-04:00,0.005831269271561256,2021-10-01 00:00:00-04:00,27,1.0314846940906823
2021-10-27 00:00:00-04:00,0.0031645886689902905,2021-10-01 00:00:00-04:00,27,1.0347489188658388
2021-10-28 00:00:00-04:00,0.0008755589643748348,2021-10-01 00:00:00-04:00,27,1.0356549025576287
2021-10-29 00:00:00-04:00,0.0006703139991858668,2021-10-01 00:00:00-04:00,27,1.0363491165371386
2021-11-01 00:00:00-04:00,-0.0021091627343723268,2021-10-01 00:00:00-04:00,27,1.0341632876007387
2021-11-02 00:00:00-04:00,0.006071194741980883,2021-11-01 00:00:00-04:00,27,1.04044189431477
2021-11-03 00:00:00-04:00,-0.0021590842214307677,2021-11-01 00:00:00-04:00,27,1.0381954926374395
2021-11-04 00:00:00-04:00,0.005322552269341497,2021-11-01 00:00:00-04:00,27,1.043721342412797
2021-11-05 00:00:00-04:00,0.009834509450149149,2021-11-01 00:00:00-04:00,27,1.0539858298180778
2021-11-08 00:00:00-05:00,-0.00487986084608113,2021-11-01 00:00:00-04:00,27,1.0488425256348242
2021-11-09 00:00:00-05:00,0.005746395542579835,2021-11-01 00:00:00-04:00,27,1.0548695896490003
2021-11-10 00:00:00-05:00,-0.0005743437473903996,2021-11-01 00:00:00-04:00,27,1.0542637318958732
2021-11-11 00:00:00-05:00,-0.001466665780396814,2021-11-01 00:00:00-04:00,27,1.0527174793567882
2021-11-12 00:00:00-05:00,-0.00010224797044500918,2021-11-01 00:00:00-04:00,27,1.052609841131072
2021-11-15 00:00:00-05:00,-0.004066571414133426,2021-11-01 00:00:00-04:00,27,1.0483293280408927
2021-11-16 00:00:00-05:00,-0.005111889941372738,2021-11-01 00:00:00-04:00,27,1.0429703838936346
2021-11-17 00:00:00-05:00,0.003892765756084277,2021-11-01 00:00:00-04:00,27,1.0470304232886658
2021-11-18 00:00:00-05:00,0.0004777710110399478,2021-11-01 00:00:00-04:00,27,1.04753066407259
2021-11-19 00:00:00-05:00,0.0009811950947953107,2021-11-01 00:00:00-04:00,27,1.0485584960218257
2021-11-22 00:00:00-05:00,-0.005868795578744077,2021-11-01 00:00:00-04:00,27,1.0424047205563183
2021-11-23 00:00:00-05:00,-0.0012464226110704502,2021-11-01 00:00:00-04:00,27,1.0411054437427303
2021-11-24 00:00:00-05:00,0.0024271296325465742,2021-11-01 00:00:00-04:00,27,1.043632341615844
2021-11-26 00:00:00-05:00,0.001971198683305577,2021-11-01 00:00:00-04:00,27,1.0456895483134923
2021-11-29 00:00:00-05:00,0.0014982417329915578,2021-11-01 00:00:00-04:00,27,1.0472562440345288
2021-11-30 00:00:00-05:00,-0.00919268984650953,2021-11-01 00:00:00-04:00,27,1.0376291421932988
2021-12-01 00:00:00-05:00,0.004805839098851936,2021-11-01 00:00:00-04:00,27,1.0426158208949596
2021-12-02 00:00:00-05:00,0.00016683171207751703,2021-12-01 00:00:00-05:00,27,1.0427897622773987
2021-12-03 00:00:00-05:00,0.014224389640292741,2021-12-01 00:00:00-05:00,27,1.0576228101689407
2021-12-06 00:00:00-05:00,0.002196772141064045,2021-12-01 00:00:00-05:00,27,1.0599461664940737
2021-12-07 00:00:00-05:00,-0.0012004690844869758,2021-12-01 00:00:00-05:00,27,1.058673733889977
2021-12-08 00:00:00-05:00,-0.0038615661816836875,2021-12-01 00:00:00-05:00,27,1.0545855952017507
2021-12-09 00:00:00-05:00,0.0036344916889985,2021-12-01 00:00:00-05:00,27,1.058418477782849
2021-12-10 00:00:00-05:00,0.0063445778400729015,2021-12-01 00:00:00-05:00,27,1.0651336962025135
2021-12-13 00:00:00-05:00,0.013440862657760188,2021-12-01 00:00:00-05:00,27,1.079450011925324
2021-12-14 00:00:00-05:00,-3.0785244776063335e-05,2021-12-01 00:00:00-05:00,27,1.0794167807924835
2021-12-15 00:00:00-05:00,0.004315957970372198,2021-12-01 00:00:00-05:00,27,1.0840754982508982
2021-12-16 00:00:00-05:00,0.007478838009901323,2021-12-01 00:00:00-05:00,27,1.0921831232928199
2021-12-17 00:00:00-05:00,-0.009052896635767547,2021-12-01 00:00:00-05:00,27,1.0822957023703201
2021-12-20 00:00:00-05:00,-0.001592192718318056,2021-12-01 00:00:00-05:00,27,1.0805724790339393
2021-12-21 00:00:00-05:00,-0.002744944536664943,2021-12-01 00:00:00-05:00,27,1.0776063675111445
2021-12-22 00:00:00-05:00,0.007019335930970576,2021-12-01 00:00:00-05:00,27,1.085170448606058
2021-12-23 00:00:00-05:00,-0.0018440112611482224,2021-12-01 00:00:00-05:00,27,1.0831693820785633
2021-12-27 00:00:00-05:00,0.006227901761617457,2021-12-01 00:00:00-05:00,27,1.0899152545813404
2021-12-28 00:00:00-05:00,-4.037484712771475e-05,2021-12-01 00:00:00-05:00,27,1.0898712494195546
2021-12-29 00:00:00-05:00,-0.0008883179714967697,2021-12-01 00:00:00-05:00,27,1.0889030972020775
2021-12-30 00:00:00-05:00,0.003104309093722637,2021-12-01 00:00:00-05:00,27,1.0922833889889045
2021-12-31 00:00:00-05:00,0.003158331247931222,2021-12-01 00:00:00-05:00,27,1.0957331817479445
2022-01-03 00:00:00-05:00,-0.012684553620194609,2021-12-31 00:00:00-05:00,27,1.0818342954506364
2022-01-04 00:00:00-05:00,-0.0015885735891738037,2021-12-31 00:00:00-05:00,27,1.080115722061021
2022-01-05 00:00:00-05:00,0.0012976324141848895,2021-12-31 00:00:00-05:00,27,1.081517315233038
2022-01-06 00:00:00-05:00,-0.00559778439257396,2021-12-31 00:00:00-05:00,27,1.075463214485528
2022-01-07 00:00:00-05:00,0.00012506469816551917,2021-12-31 00:00:00-05:00,27,1.0755977169678357
2022-01-10 00:00:00-05:00,3.775588057728929e-05,2021-12-31 00:00:00-05:00,27,1.0756383271067866
2022-01-11 00:00:00-05:00,0.0019918902026250414,2021-12-31 00:00:00-05:00,27,1.0777808805521185
2022-01-12 00:00:00-05:00,-0.0011396371383694387,2021-12-31 00:00:00-05:00,27,1.0765526014336169
2022-01-13 00:00:00-05:00,0.0004174227806566685,2021-12-31 00:00:00-05:00,27,1.0770019790140304
2022-01-14 00:00:00-05:00,-0.003368062802197846,2021-12-31 00:00:00-05:00,27,1.0733745687106198
2022-01-18 00:00:00-05:00,-0.010816279534093882,2021-12-31 00:00:00-05:00,27,1.0617646493306583
2022-01-19 00:00:00-05:00,0.00966402366114325,2021-12-31 00:00:00-05:00,27,1.0720255680243551
2022-01-20 00:00:00-05:00,-5.5825581896227704e-05,2021-12-31 00:00:00-05:00,27,1.0719657215732126
2022-01-21 00:00:00-05:00,0.001607463934129005,2021-12-31 00:00:00-05:00,27,1.0736888678092642
2022-01-24 00:00:00-05:00,-0.005744831730879443,2021-12-31 00:00:00-05:00,27,1.0675207059323815
2022-01-25 00:00:00-05:00,0.00021201208738592475,2021-12-31 00:00:00-05:00,27,1.0677470332255738
2022-01-26 00:00:00-05:00,-0.008185013507748707,2021-12-31 00:00:00-05:00,27,1.059007509335764
2022-01-27 00:00:00-05:00,0.006268816473056718,2021-12-31 00:00:00-05:00,27,1.0656462330553789
2022-01-28 00:00:00-05:00,0.006387947244344499,2021-12-31 00:00:00-05:00,27,1.072453524973271
2022-01-31 00:00:00-05:00,0.00039792532729834515,2021-12-31 00:00:00-05:00,27,1.0728802813932081
2022-02-01 00:00:00-05:00,-0.003333755231503384,2021-12-31 00:00:00-05:00,27,1.0693035611423367
2022-02-02 00:00:00-05:00,0.00935631100119975,2022-02-01 00:00:00-05:00,27,1.079308297815075
2022-02-03 00:00:00-05:00,-0.0004818867262748622,2022-02-01 00:00:00-05:00,27,1.0787881934727994
2022-02-04 00:00:00-05:00,-0.01040191507040332,2022-02-01 00:00:00-05:00,27,1.0675667303053415
2022-02-07 00:00:00-05:00,0.00037316747015233475,2022-02-01 00:00:00-05:00,27,1.0679651114813085
2022-02-08 00:00:00-05:00,-0.0011736695885409723,2022-02-01 00:00:00-05:00,27,1.0667116733083402
2022-02-09 00:00:00-05:00,-0.00010850392430303884,2022-02-01 00:00:00-05:00,27,1.0665959309056863
2022-02-10 00:00:00-05:00,-0.012450803010071806,2022-02-01 00:00:00-05:00,27,1.0533159550786353
2022-02-11 00:00:00-05:00,0.004027589782072827,2022-02-01 00:00:00-05:00,27,1.057558279656604
2022-02-14 00:00:00-05:00,-0.005939259701330874,2022-02-01 00:00:00-05:00,27,1.0512771663844307
2022-02-15 00:00:00-05:00,-0.0035524843810450695,2022-02-01 00:00:00-05:00,27,1.0475425206707007
2022-02-16 00:00:00-05:00,0.0045282383487242,2022-02-01 00:00:00-05:00,27,1.052286042884721
2022-02-17 00:00:00-05:00,0.00685487602770769,2022-02-01 00:00:00-05:00,27,1.0594993332543827
2022-02-18 00:00:00-05:00,0.0021170329239721263,2022-02-01 00:00:00-05:00,27,1.0617423282258087
2022-02-22 00:00:00-05:00,-0.0035654074955346615,2022-02-01 00:00:00-05:00,27,1.057956784170426
2022-02-23 00:00:00-05:00,-0.007733411186633347,2022-02-01 00:00:00-05:00,27,1.0497751693407478
2022-02-24 00:00:00-05:00,-0.010804453716164973,2022-02-01 00:00:00-05:00,27,1.0384329221112263
2022-02-25 00:00:00-05:00,0.020089527780091064,2022-02-01 00:00:00-05:00,27,1.0592945491477408
2022-02-28 00:00:00-05:00,0.0009735061031522763,2022-02-01 00:00:00-05:00,27,1.060325778856372
2022-03-01 00:00:00-05:00,0.0020949982836537574,2022-02-01 00:00:00-05:00,27,1.06254715954319
2022-03-02 00:00:00-05:00,-0.0055610067684704655,2022-02-01 00:00:00-05:00,27,1.0566383275971512
2022-03-03 00:00:00-05:00,0.007107497734946952,2022-02-01 00:00:00-05:00,27,1.0641483821172062
2022-03-04 00:00:00-05:00,0.013058821389310705,2022-03-03 00:00:00-05:00,27,1.0780449057709989
2022-03-07 00:00:00-05:00,-0.004527235154231203,2022-03-03 00:00:00-05:00,27,1.0731643429757525
2022-03-08 00:00:00-05:00,-0.012524604497802795,2022-03-03 00:00:00-05:00,27,1.0597233840188367
2022-03-09 00:00:00-05:00,-0.004429189946715508,2022-03-03 00:00:00-05:00,27,1.0550296678600413
2022-03-10 00:00:00-05:00,-0.006457803536399356,2022-03-03 00:00:00-05:00,27,1.0482164935399285
2022-03-11 00:00:00-05:00,-0.0024917065071119477,2022-03-03 00:00:00-05:00,27,1.045604645682113
2022-03-14 00:00:00-04:00,-0.0001478315576842914,2022-03-03 00:00:00-05:00,27,1.04545007231862
2022-03-15 00:00:00-04:00,0.008047364555219884,2022-03-03 00:00:00-05:00,27,1.053863190174849
2022-03-16 00:00:00-04:00,0.002667019908542706,2022-03-03 00:00:00-05:00,27,1.0566738642839257
2022-03-17 00:00:00-04:00,0.004219954016482513,2022-03-03 00:00:00-05:00,27,1.0611329794016227
2022-03-18 00:00:00-04:00,0.0016120067666052513,2022-03-03 00:00:00-05:00,27,1.0628435329446861
2022-03-21 00:00:00-04:00,-0.0031663352775132326,2022-03-03 00:00:00-05:00,27,1.0594782139718466
2022-03-22 00:00:00-04:00,-0.00383865077131997,2022-03-03 00:00:00-05:00,27,1.0554112471085868
2022-03-23 00:00:00-04:00,0.004225984743325937,2022-03-03 00:00:00-05:00,27,1.0598713989368023
2022-03-24 00:00:00-04:00,0.0032325013430450984,2022-03-03 00:00:00-05:00,27,1.0632974346573207
2022-03-25 00:00:00-04:00,-0.0002151093758555088,2022-03-03 00:00:00-05:00,27,1.0630687094098028
2022-03-28 00:00:00-04:00,0.002335390964262311,2022-03-03 00:00:00-05:00,27,1.0655513904681484
2022-03-29 00:00:00-04:00,0.005033305621336395,2022-03-03 00:00:00-05:00,27,1.0709146362716144
2022-03-30 00:00:00-04:00,0.006027085310947402,2022-03-03 00:00:00-05:00,27,1.0773691301451658
2022-03-31 00:00:00-04:00,-0.003972097915528109,2022-03-03 00:00:00-05:00,27,1.0730897144690619
2022-04-01 00:00:00-04:00,0.00561389365662113,2022-03-03 00:00:00-05:00,27,1.0791139260101053
2022-04-04 00:00:00-04:00,-0.0036133677395243416,2022-04-01 00:00:00-04:00,27,1.0752146905625888
2022-04-05 00:00:00-04:00,-0.004340227774266576,2022-04-01 00:00:00-04:00,27,1.0705480138993095
2022-04-06 00:00:00-04:00,0.010256210722169878,2022-04-01 00:00:00-04:00,27,1.0815277799180614
2022-04-07 00:00:00-04:00,0.003717702031445227,2022-04-01 00:00:00-04:00,27,1.0855485779425271
2022-04-08 00:00:00-04:00,0.0019393273238237294,2022-04-01 00:00:00-04:00,27,1.087653811961069
2022-04-11 00:00:00-04:00,-0.008832978362163995,2022-04-01 00:00:00-04:00,27,1.0780465893744917
2022-04-12 00:00:00-04:00,0.000845971799777273,2022-04-01 00:00:00-04:00,27,1.0789585863879487
2022-04-13 00:00:00-04:00,0.00220499352034204,2022-04-01 00:00:00-04:00,27,1.0813376830796517
2022-04-14 00:00:00-04:00,-0.005558979952100562,2022-04-01 00:00:00-04:00,27,1.075326548577961
2022-04-18 00:00:00-04:00,-0.006450501167165939,2022-04-01 00:00:00-04:00,27,1.0683901534212743
2022-04-19 00:00:00-04:00,0.0018014761017082096,2022-04-01 00:00:00-04:00,27,1.0703148327499632
2022-04-20 00:00:00-04:00,0.012634692179336616,2022-04-01 00:00:00-04:00,27,1.083837931196737
2022-04-21 00:00:00-04:00,-0.003007066271903924,2022-04-01 00:00:00-04:00,27,1.0805787587096252
2022-04-22 00:00:00-04:00,-0.011985389455289912,2022-04-01 00:00:00-04:00,27,1.0676276014493766
2022-04-25 00:00:00-04:00,0.004972160897312818,2022-04-01 00:00:00-04:00,27,1.0729360176621952
2022-04-26 00:00:00-04:00,-0.002410254048410237,2022-04-01 00:00:00-04:00,27,1.0703499692819396
2022-04-27 00:00:00-04:00,-0.004218814865962128,2022-04-01 00:00:00-04:00,27,1.065834360919751
2022-04-28 00:00:00-04:00,0.008542844952503357,2022-04-01 00:00:00-04:00,27,1.0749396186101388
2022-04-29 00:00:00-04:00,-0.018388358056762383,2022-04-01 00:00:00-04:00,27,1.0551732440137358
2022-05-02 00:00:00-04:00,-0.01463472076772476,2022-04-01 00:00:00-04:00,27,1.0397310782260205
2022-05-03 00:00:00-04:00,0.001641878095082162,2022-04-01 00:00:00-04:00,27,1.041438189908136
2022-05-04 00:00:00-04:00,0.01420217188683672,2022-05-03 00:00:00-04:00,27,1.0562288740907275
2022-05-05 00:00:00-04:00,-0.014712185869851159,2022-05-03 00:00:00-04:00,27,1.040689438574001
2022-05-06 00:00:00-04:00,-0.002373020758105083,2022-05-03 00:00:00-04:00,27,1.0382198609335243
2022-05-09 00:00:00-04:00,-0.001660763227086396,2022-05-03 00:00:00-04:00,27,1.036495623566855
2022-05-10 00:00:00-04:00,-0.0018571561167071186,2022-05-03 00:00:00-04:00,27,1.0345706893796076
2022-05-11 00:00:00-04:00,0.003022414851622217,2022-05-03 00:00:00-04:00,27,1.0376975911962416
2022-05-12 00:00:00-04:00,-0.0020410830742381095,2022-05-03 00:00:00-04:00,27,1.0355795642066732
2022-05-13 00:00:00-04:00,-0.0003497404087233321,2022-05-03 00:00:00-04:00,27,1.035217380186622
2022-05-16 00:00:00-04:00,0.006433696224852323,2022-05-03 00:00:00-04:00,27,1.0418776543374302
2022-05-17 00:00:00-04:00,-0.013147515598950187,2022-05-03 00:00:00-04:00,27,1.028179551624831
2022-05-18 00:00:00-04:00,-0.023471150345197363,2022-05-03 00:00:00-04:00,27,1.0040469947867872
2022-05-19 00:00:00-04:00,-0.004425280757657885,2022-05-03 00:00:00-04:00,27,0.9996038049409729
2022-05-20 00:00:00-04:00,0.007663148706669353,2022-05-03 00:00:00-04:00,27,1.007263917545988
2022-05-23 00:00:00-04:00,0.009044024719504854,2022-05-03 00:00:00-04:00,27,1.0163736373153394
2022-05-24 00:00:00-04:00,0.013344843617417874,2022-05-03 00:00:00-04:00,27,1.0299369845621789
2022-05-25 00:00:00-04:00,-0.0015802143394617438,2022-05-03 00:00:00-04:00,27,1.0283094633704317
2022-05-26 00:00:00-04:00,0.0020234984460206717,2022-05-03 00:00:00-04:00,27,1.0303902459715901
2022-05-27 00:00:00-04:00,0.0061885971724276075,2022-05-03 00:00:00-04:00,27,1.036766916134307
2022-05-31 00:00:00-04:00,-0.013926719448779329,2022-05-03 00:00:00-04:00,27,1.0223281541595284
2022-06-01 00:00:00-04:00,-0.005153964507501447,2022-05-03 00:00:00-04:00,27,1.0170591111379708
2022-06-02 00:00:00-04:00,0.006900123909619521,2022-05-03 00:00:00-04:00,27,1.0240769450282303
2022-06-03 00:00:00-04:00,-0.006543800374124395,2022-06-02 00:00:00-04:00,27,1.0173755899322223
2022-06-06 00:00:00-04:00,-0.005018018807229929,2022-06-02 00:00:00-04:00,27,1.0122703800879258
2022-06-07 00:00:00-04:00,0.009034819381408484,2022-06-02 00:00:00-04:00,27,1.02141606013717
2022-06-08 00:00:00-04:00,-0.005229403821638064,2022-06-02 00:00:00-04:00,27,1.0160746630888062
2022-06-09 00:00:00-04:00,-0.01027690172259046,2022-06-02 00:00:00-04:00,27,1.0056325636334285
2022-06-10 00:00:00-04:00,-0.001848737342831573,2022-06-02 00:00:00-04:00,27,1.003773413159872
2022-06-13 00:00:00-04:00,-0.023609481620865347,2022-06-02 00:00:00-04:00,27,0.9800748432103605
2022-06-14 00:00:00-04:00,-0.013961585716902964,2022-06-02 00:00:00-04:00,27,0.9663914442778988
2022-06-15 00:00:00-04:00,0.009420381582612264,2022-06-02 00:00:00-04:00,27,0.9754952204411683
2022-06-16 00:00:00-04:00,0.002641094199375443,2022-06-02 00:00:00-04:00,27,0.978071595209394
2022-06-17 00:00:00-04:00,-0.00522921122574328,2022-06-02 00:00:00-04:00,27,0.9729570522441444
2022-06-21 00:00:00-04:00,0.012080836855183427,2022-06-02 00:00:00-04:00,27,0.9847111876594061
2022-06-22 00:00:00-04:00,0.012464580014671815,2022-06-02 00:00:00-04:00,27,0.9969851990493294
2022-06-23 00:00:00-04:00,0.00933211162496151,2022-06-02 00:00:00-04:00,27,1.0062891762152923
2022-06-24 00:00:00-04:00,0.004175483500686142,2022-06-02 00:00:00-04:00,27,1.0104909200674983
2022-06-27 00:00:00-04:00,-0.000851377895239852,2022-06-02 00:00:00-04:00,27,1.0096306104348123
2022-06-28 00:00:00-04:00,-0.006959104900133174,2022-06-02 00:00:00-04:00,27,1.0026044851064109
2022-06-29 00:00:00-04:00,0.0062075399377862234,2022-06-02 00:00:00-04:00,27,1.0088281924895126
2022-06-30 00:00:00-04:00,0.0013093086577898145,2022-06-02 00:00:00-04:00,27,1.0101490599761616
2022-07-01 00:00:00-04:00,0.00865324565115197,2022-06-02 00:00:00-04:00,27,1.0188901279364155
2022-07-05 00:00:00-04:00,-0.008015999489415294,2022-06-02 00:00:00-04:00,27,1.010722705191107
2022-07-06 00:00:00-04:00,-0.004419183154397733,2022-07-05 00:00:00-04:00,27,1.0062561364385592
2022-07-07 00:00:00-04:00,-0.0020221340229200743,2022-07-05 00:00:00-04:00,27,1.0042213516692946
2022-07-08 00:00:00-04:00,-0.0010199442018952092,2022-07-05 00:00:00-04:00,27,1.00319710192424
2022-07-11 00:00:00-04:00,0.0014707384386593435,2022-07-05 00:00:00-04:00,27,1.0046725424635918
2022-07-12 00:00:00-04:00,-0.004178028671432153,2022-07-05 00:00:00-04:00,27,1.0004749917757783
2022-07-13 00:00:00-04:00,0.0025355011416158106,2022-07-05 00:00:00-04:00,27,1.0030116972595837
2022-07-14 00:00:00-04:00,-0.004112500496995478,2022-07-05 00:00:00-04:00,27,0.9988868111561113
2022-07-15 00:00:00-04:00,0.006954005854274779,2022-07-05 00:00:00-04:00,27,1.0058330758886487
2022-07-18 00:00:00-04:00,-0.010966502750443193,2022-07-05 00:00:00-04:00,27,0.994802604695429
2022-07-19 00:00:00-04:00,0.0020677094353088034,2022-07-05 00:00:00-04:00,27,0.9968595674274275
2022-07-20 00:00:00-04:00,-0.007611398722341862,2022-07-05 00:00:00-04:00,27,0.9892720717895562
2022-07-21 00:00:00-04:00,0.008577584891896348,2022-07-05 00:00:00-04:00,27,0.9977576369665133
2022-07-22 00:00:00-04:00,0.0066603966100796,2022-07-05 00:00:00-04:00,27,1.004403098549446
2022-07-25 00:00:00-04:00,0.0006617465505394003,2022-07-05 00:00:00-04:00,27,1.0050677588352623
2022-07-26 00:00:00-04:00,-0.0005910346579205129,2022-07-05 00:00:00-04:00,27,1.0044737289562322
2022-07-27 00:00:00-04:00,0.003921280245855307,2022-07-05 00:00:00-04:00,27,1.0084125519470688
2022-07-28 00:00:00-04:00,0.010563373615609717,2022-07-05 00:00:00-04:00,27,1.019064790491956
2022-07-29 00:00:00-04:00,-0.005258265008955048,2022-07-05 00:00:00-04:00,27,1.013706277762254
2022-08-01 00:00:00-04:00,0.007447273633204635,2022-07-05 00:00:00-04:00,27,1.0212556257964471
2022-08-02 00:00:00-04:00,-0.008870922638303656,2022-07-05 00:00:00-04:00,27,1.0121961461460744
2022-08-03 00:00:00-04:00,0.007200040574993117,2022-07-05 00:00:00-04:00,27,1.0194839994681777
2022-08-04 00:00:00-04:00,-0.002233258253929692,2022-08-03 00:00:00-04:00,27,1.017207228411616
2022-08-05 00:00:00-04:00,-0.008835506287053383,2022-08-03 00:00:00-04:00,27,1.008219687549749
2022-08-08 00:00:00-04:00,0.005462970765712916,2022-08-03 00:00:00-04:00,27,1.0137275622282498
2022-08-09 00:00:00-04:00,0.0011607560693486193,2022-08-03 00:00:00-04:00,27,1.0149042526487722
2022-08-10 00:00:00-04:00,0.0012629136964059174,2022-08-03 00:00:00-04:00,27,1.016185989129983
2022-08-11 00:00:00-04:00,-0.008866959241482657,2022-08-03 00:00:00-04:00,27,1.0071755093826016
2022-08-12 00:00:00-04:00,0.008127216035118,2022-08-03 00:00:00-04:00,27,1.015361042332634
2022-08-15 00:00:00-04:00,-0.00041618934708028755,2022-08-03 00:00:00-04:00,27,1.0149384598833748
2022-08-16 00:00:00-04:00,0.00565430782140263,2022-08-03 00:00:00-04:00,27,1.0206772343553356
2022-08-17 00:00:00-04:00,-0.004779056003048527,2022-08-03 00:00:00-04:00,27,1.0157993606913147
2022-08-18 00:00:00-04:00,-0.00047337373491224084,2022-08-03 00:00:00-04:00,27,1.0153185079540228
2022-08-19 00:00:00-04:00,-0.0031757998598092494,2022-08-03 00:00:00-04:00,27,1.0120940595788006
2022-08-22 00:00:00-04:00,-0.006960525048968548,2022-08-03 00:00:00-04:00,27,1.00504935352519
2022-08-23 00:00:00-04:00,-0.0027244367208406344,2022-08-03 00:00:00-04:00,27,1.0023111601601888
2022-08-24 00:00:00-04:00,-0.0009008204896752941,2022-08-03 00:00:00-04:00,27,1.0014082577300862
2022-08-25 00:00:00-04:00,0.006481521774973965,2022-08-03 00:00:00-04:00,27,1.0078989071582027
2022-08-26 00:00:00-04:00,-0.01400311557222747,2022-08-03 00:00:00-04:00,27,0.9937851822761447
2022-08-29 00:00:00-04:00,-0.003272597306661012,2022-08-03 00:00:00-04:00,27,0.9905329235652282
2022-08-30 00:00:00-04:00,-0.005861083585998632,2022-08-03 00:00:00-04:00,27,0.9847273273055287
2022-08-31 00:00:00-04:00,-0.00790119861610693,2022-08-03 00:00:00-04:00,27,0.9769468011097796
2022-09-01 00:00:00-04:00,0.0028024044215359013,2022-08-03 00:00:00-04:00,27,0.9796846011448151
2022-09-02 00:00:00-04:00,-0.004334622172318497,2022-09-01 00:00:00-04:00,27,0.9754380385508138
2022-09-06 00:00:00-04:00,-0.006282741948745965,2022-09-01 00:00:00-04:00,27,0.9693096130676081
2022-09-07 00:00:00-04:00,0.012406394169701827,2022-09-01 00:00:00-04:00,27,0.981335250199806
2022-09-08 00:00:00-04:00,-0.000552345052721766,2022-09-01 00:00:00-04:00,27,0.9807932145292968
2022-09-09 00:00:00-04:00,0.00495979424777617,2022-09-01 00:00:00-04:00,27,0.985657747072977
2022-09-12 00:00:00-04:00,0.0025034359505867196,2022-09-01 00:00:00-04:00,27,0.9881252781119738
2022-09-13 00:00:00-04:00,-0.018942460297102046,2022-09-01 00:00:00-04:00,27,0.9694077542627749
2022-09-14 00:00:00-04:00,0.004218430176370376,2022-09-01 00:00:00-04:00,27,0.9734971331865644
2022-09-15 00:00:00-04:00,-0.006508619285049965,2022-09-01 00:00:00-04:00,27,0.9671610109715655
2022-09-16 00:00:00-04:00,0.0032826201601144104,2022-09-01 00:00:00-04:00,27,0.9703358332042573
2022-09-19 00:00:00-04:00,0.000476364562807969,2022-09-01 00:00:00-04:00,27,0.9707980668092184
2022-09-20 00:00:00-04:00,-0.0057687254310722575,2022-09-01 00:00:00-04:00,27,0.9651977993127804
2022-09-21 00:00:00-04:00,-0.0008191085308233728,2022-09-01 00:00:00-04:00,27,0.9644071975614313
2022-09-22 00:00:00-04:00,-0.0003180453701929685,2022-09-01 00:00:00-04:00,27,0.9641004723172661
2022-09-23 00:00:00-04:00,-0.007519374118720605,2022-09-01 00:00:00-04:00,27,0.9568510401778774
2022-09-26 00:00:00-04:00,-0.009660608615943936,2022-09-01 00:00:00-04:00,27,0.94760727677496
2022-09-27 00:00:00-04:00,-0.009093272417845726,2022-09-01 00:00:00-04:00,27,0.9389904256621123
2022-09-28 00:00:00-04:00,0.01815985065552939,2022-09-01 00:00:00-04:00,27,0.9560423515591082
2022-09-29 00:00:00-04:00,-0.007481161361226652,2022-09-01 00:00:00-04:00,27,0.9488900444589279
2022-09-30 00:00:00-04:00,-0.012568294656981307,2022-09-01 00:00:00-04:00,27,0.936964114783092
2022-10-03 00:00:00-04:00,0.01739480377069763,2022-09-01 00:00:00-04:00,27,0.9532624216999294
2022-10-04 00:00:00-04:00,0.011417096775515485,2022-10-03 00:00:00-04:00,27,0.9641459110209396
2022-10-05 00:00:00-04:00,-0.004486670040091322,2022-10-03 00:00:00-04:00,27,0.9598201064476855
2022-10-06 00:00:00-04:00,-0.010797215702911839,2022-10-03 00:00:00-04:00,27,0.949456721722378
2022-10-07 00:00:00-04:00,-0.012019739239283414,2022-10-03 00:00:00-04:00,27,0.9380444995082902
2022-10-10 00:00:00-04:00,-0.008387687260016569,2022-10-03 00:00:00-04:00,27,0.9301764756104358
2022-10-11 00:00:00-04:00,0.005442331465918055,2022-10-03 00:00:00-04:00,27,0.9352388043125072
2022-10-12 00:00:00-04:00,0.005874976301177889,2022-10-03 00:00:00-04:00,27,0.940733310123785
2022-10-13 00:00:00-04:00,0.007526156170255454,2022-10-03 00:00:00-04:00,27,0.9478134159303381
2022-10-14 00:00:00-04:00,-0.010350113468525714,2022-10-03 00:00:00-04:00,27,0.9380034395284681
2022-10-17 00:00:00-04:00,0.007374826977185769,2022-10-03 00:00:00-04:00,27,0.9449210525989957
2022-10-18 00:00:00-04:00,0.004468616410776448,2022-10-03 00:00:00-04:00,27,0.9491435423215276
2022-10-19 00:00:00-04:00,-0.00976629487068855,2022-10-03 00:00:00-04:00,27,0.9398739266126057
2022-10-20 00:00:00-04:00,-0.005792835767952947,2022-10-03 00:00:00-04:00,27,0.9344293913131578
2022-10-21 00:00:00-04:00,0.013200161862184217,2022-10-03 00:00:00-04:00,27,0.9467640105272738
2022-10-24 00:00:00-04:00,0.007627635358870201,2022-10-03 00:00:00-04:00,27,0.9539855811704774
2022-10-25 00:00:00-04:00,0.007614380398609223,2022-10-03 00:00:00-04:00,27,0.9612495902802978
2022-10-26 00:00:00-04:00,0.008971445027077694,2022-10-03 00:00:00-04:00,27,0.9698733881367985
2022-10-27 00:00:00-04:00,0.0015973642143945073,2022-10-03 00:00:00-04:00,27,0.9714226291795017
2022-10-28 00:00:00-04:00,0.0022588767581360517,2022-10-03 00:00:00-04:00,27,0.9736169531788826
2022-10-31 00:00:00-04:00,-0.006556584440667852,2022-10-03 00:00:00-04:00,27,0.9672333514124996
2022-11-01 00:00:00-04:00,0.003768783346436708,2022-10-03 00:00:00-04:00,27,0.9708786443594211
2022-11-02 00:00:00-04:00,-0.010398944004954213,2022-11-01 00:00:00-04:00,27,0.9607825317011216
2022-11-03 00:00:00-04:00,-0.0021946479376850282,2022-11-01 00:00:00-04:00,27,0.95867395229936
2022-11-04 00:00:00-04:00,0.00895812229845983,2022-11-01 00:00:00-04:00,27,0.9672618708084055
2022-11-07 00:00:00-05:00,0.002921668669972324,2022-11-01 00:00:00-04:00,27,0.9700878895120052
2022-11-08 00:00:00-05:00,0.010614463554541176,2022-11-01 00:00:00-04:00,27,0.9803848520599321
2022-11-09 00:00:00-05:00,-0.00773302822876599,2022-11-01 00:00:00-04:00,27,0.9728035083238981
2022-11-10 00:00:00-05:00,0.025373042163248566,2022-11-01 00:00:00-04:00,27,0.9974864927571564
2022-11-11 00:00:00-05:00,-0.0053968789192752244,2022-11-01 00:00:00-04:00,27,0.9921031789321335
2022-11-14 00:00:00-05:00,0.000675406428831248,2022-11-01 00:00:00-04:00,27,0.9927732517972482
2022-11-15 00:00:00-05:00,0.005806423230124039,2022-11-01 00:00:00-04:00,27,0.9985377134687295
2022-11-16 00:00:00-05:00,0.005036822014673359,2022-11-01 00:00:00-04:00,27,1.0035671702064104
2022-11-17 00:00:00-05:00,-0.0015059115046376168,2022-11-01 00:00:00-04:00,27,1.0020558868591198
2022-11-18 00:00:00-05:00,0.0030226353112088257,2022-11-01 00:00:00-04:00,27,1.005084736366545
2022-11-21 00:00:00-05:00,0.0028823724518635646,2022-11-01 00:00:00-04:00,27,1.0079817649224365
2022-11-22 00:00:00-05:00,0.007140762465135287,2022-11-01 00:00:00-04:00,27,1.0151795232749357
2022-11-23 00:00:00-05:00,0.006027112381263651,2022-11-01 00:00:00-04:00,27,1.0212981243488712
2022-11-25 00:00:00-05:00,0.0008089824567412392,2022-11-01 00:00:00-04:00,27,1.0221243366145722
2022-11-28 00:00:00-05:00,-0.003120050833595479,2022-11-01 00:00:00-04:00,27,1.0189352567260797
2022-11-29 00:00:00-05:00,-0.003356648727873738,2022-11-01 00:00:00-04:00,27,1.0155150489928044
2022-11-30 00:00:00-05:00,0.014551723689242704,2022-11-01 00:00:00-04:00,27,1.0302925433880155
2022-12-01 00:00:00-05:00,0.011612424891676633,2022-11-01 00:00:00-04:00,27,1.0422567381645633
2022-12-02 00:00:00-05:00,0.0031121749358028715,2022-12-01 00:00:00-05:00,27,1.0455004234617509
2022-12-05 00:00:00-05:00,-0.01049070205569079,2022-12-01 00:00:00-05:00,27,1.034532390020115
2022-12-06 00:00:00-05:00,-0.001215494098252006,2022-12-01 00:00:00-05:00,27,1.033274922005595
2022-12-07 00:00:00-05:00,0.0090527531722216,2022-12-01 00:00:00-05:00,27,1.0426289048335582
2022-12-08 00:00:00-05:00,0.0031087025641162395,2022-12-01 00:00:00-05:00,27,1.0458701279834361
2022-12-09 00:00:00-05:00,-0.009032021580480517,2022-12-01 00:00:00-05:00,27,1.0364238064171098
2022-12-12 00:00:00-05:00,0.004969903532639182,2022-12-01 00:00:00-05:00,27,1.0415747327539335
2022-12-13 00:00:00-05:00,0.006741248848477112,2022-12-01 00:00:00-05:00,27,1.0485962472217139
2022-12-14 00:00:00-05:00,0.0010182414320459021,2022-12-01 00:00:00-05:00,27,1.0496639713661229
2022-12-15 00:00:00-05:00,-0.011453614764413082,2022-12-01 00:00:00-05:00,27,1.0376415246060113
2022-12-16 00:00:00-05:00,-0.005290622129873763,2022-12-01 00:00:00-05:00,27,1.0321517553930548
2022-12-19 00:00:00-05:00,-0.002476357094381982,2022-12-01 00:00:00-05:00,27,1.0295957790711083
2022-12-20 00:00:00-05:00,0.0013957730279913858,2022-12-01 00:00:00-05:00,27,1.0310328610892696
2022-12-21 00:00:00-05:00,0.006138975204534357,2022-12-01 00:00:00-05:00,27,1.0373623462585568
2022-12-22 00:00:00-05:00,-0.00504399980243331,2022-12-01 00:00:00-05:00,27,1.0321298907889769
2022-12-23 00:00:00-05:00,0.0010160922046812703,2022-12-01 00:00:00-05:00,27,1.0331786299252261
2022-12-27 00:00:00-05:00,0.0002139359289831793,2022-12-01 00:00:00-05:00,27,1.0333996639552248
2022-12-28 00:00:00-05:00,-0.006691319969830616,2022-12-01 00:00:00-05:00,27,1.0264848561469848
2022-12-29 00:00:00-05:00,0.005775082386486914,2022-12-01 00:00:00-05:00,27,1.0324128907597148
2022-12-30 00:00:00-05:00,-0.0031958646968583302,2022-12-01 00:00:00-05:00,27,1.0291134388495544
2023-01-03 00:00:00-05:00,0.004540130670715865,2022-12-01 00:00:00-05:00,27,1.033785748336921
2023-01-04 00:00:00-05:00,0.00503748543119716,2023-01-03 00:00:00-05:00,27,1.0389934289831475
2023-01-05 00:00:00-05:00,-0.007921955420607493,2023-01-03 00:00:00-05:00,27,1.0307625693564388
2023-01-06 00:00:00-05:00,0.016934891006328365,2023-01-03 00:00:00-05:00,27,1.048218421121893
2023-01-09 00:00:00-05:00,-0.009535051487185909,2023-01-03 00:00:00-05:00,27,1.038223604506679
2023-01-10 00:00:00-05:00,-0.004746229630089883,2023-01-03 00:00:00-05:00,27,1.0332959568723108
2023-01-11 00:00:00-05:00,0.0011603461928123868,2023-01-03 00:00:00-05:00,27,1.0344949379019162
2023-01-12 00:00:00-05:00,0.0013720945839101432,2023-01-03 00:00:00-05:00,27,1.0359143628032939
2023-01-13 00:00:00-05:00,0.0021258693396740778,2023-01-03 00:00:00-05:00,27,1.0381165813857054
2023-01-17 00:00:00-05:00,-0.005127155524136727,2023-01-03 00:00:00-05:00,27,1.0327939962207557
2023-01-18 00:00:00-05:00,-0.010172412124570662,2023-01-03 00:00:00-05:00,27,1.022287990051416
2023-01-19 00:00:00-05:00,0.0008902901494234647,2023-01-03 00:00:00-05:00,27,1.0231981229788325
2023-01-20 00:00:00-05:00,-0.0017342188223004658,2023-01-03 00:00:00-05:00,27,1.02142367353502
2023-01-23 00:00:00-05:00,-0.0018671187235675814,2023-01-03 00:00:00-05:00,27,1.0195165542694675
2023-01-24 00:00:00-05:00,0.004690661482705174,2023-01-03 00:00:00-05:00,27,1.0242987613015595
2023-01-25 00:00:00-05:00,0.0037502198346893198,2023-01-03 00:00:00-05:00,27,1.0281401068328402
2023-01-26 00:00:00-05:00,-0.004616672876094586,2023-01-03 00:00:00-05:00,27,1.0233935202888
2023-01-27 00:00:00-05:00,-0.004075817350844099,2023-01-03 00:00:00-05:00,27,1.0192223552220656
2023-01-30 00:00:00-05:00,-0.008130025103358663,2023-01-03 00:00:00-05:00,27,1.0109360518882058
2023-01-31 00:00:00-05:00,0.009182886697723573,2023-01-03 00:00:00-05:00,27,1.0202193631113392
2023-02-01 00:00:00-05:00,0.006293182261192574,2023-01-03 00:00:00-05:00,27,1.0266397895097965
2023-02-02 00:00:00-05:00,-0.011161973905175317,2023-01-03 00:00:00-05:00,27,1.0151804629692733
2023-02-03 00:00:00-05:00,-0.010644247184719647,2023-02-02 00:00:00-05:00,27,1.0043746311843302
2023-02-06 00:00:00-05:00,-0.0008014127754157453,2023-02-02 00:00:00-05:00,27,1.0035697125235956
2023-02-07 00:00:00-05:00,-0.001232525929404254,2023-02-02 00:00:00-05:00,27,1.0023327868309455
2023-02-08 00:00:00-05:00,0.0005058199569655496,2023-02-02 00:00:00-05:00,27,1.0028397867580456
2023-02-09 00:00:00-05:00,-0.003207112474050701,2023-02-02 00:00:00-05:00,27,0.9996235667684595
2023-02-10 00:00:00-05:00,0.005764789441275748,2023-02-02 00:00:00-05:00,27,1.0053861861514168
2023-02-13 00:00:00-05:00,0.005009788580093691,2023-02-02 00:00:00-05:00,27,1.010422958385382
2023-02-14 00:00:00-05:00,-0.004534021610034749,2023-02-02 00:00:00-05:00,27,1.0058416788567874
2023-02-15 00:00:00-05:00,-0.007521990704032815,2023-02-02 00:00:00-05:00,27,0.9982757470986979
2023-02-16 00:00:00-05:00,-0.007279042640770335,2023-02-02 00:00:00-05:00,27,0.9910092553683197
2023-02-17 00:00:00-05:00,0.010581676131308058,2023-02-02 00:00:00-05:00,27,1.001495794351756
2023-02-21 00:00:00-05:00,-0.0074440429280007115,2023-02-02 00:00:00-05:00,27,0.9940406166663893
2023-02-22 00:00:00-05:00,-0.0018482786537259046,2023-02-02 00:00:00-05:00,27,0.9922033526136682
2023-02-23 00:00:00-05:00,0.0018681858488962075,2023-02-02 00:00:00-05:00,27,0.9940569728762485
2023-02-24 00:00:00-05:00,-0.007131745981855485,2023-02-02 00:00:00-05:00,27,0.9869676110542028
2023-02-27 00:00:00-05:00,0.0007723273488263816,2023-02-02 00:00:00-05:00,27,0.987729873132626
2023-02-28 00:00:00-05:00,-0.0038073242391531655,2023-02-02 00:00:00-05:00,27,0.9839692652449123
2023-03-01 00:00:00-05:00,-0.002874379075320187,2023-02-02 00:00:00-05:00,27,0.9811409645781342
2023-03-02 00:00:00-05:00,0.0023056201942411795,2023-02-02 00:00:00-05:00,27,0.9834031029994627
2023-03-03 00:00:00-05:00,0.009686069580582523,2023-02-02 00:00:00-05:00,27,0.9929284138808762
2023-03-06 00:00:00-05:00,3.303329081381072e-05,2023-02-02 00:00:00-05:00,27,0.9929612135739292
2023-03-07 00:00:00-05:00,-0.010474589748023342,2023-03-06 00:00:00-05:00,27,0.982560352226043
2023-03-08 00:00:00-05:00,-0.003523209978145857,2023-03-06 00:00:00-05:00,27,0.9790985857889497
2023-03-09 00:00:00-05:00,-0.0035234928711663956,2023-03-06 00:00:00-05:00,27,0.9756487389017533
2023-03-10 00:00:00-05:00,0.011631801454522037,2023-03-06 00:00:00-05:00,27,0.9869972913220133
2023-03-13 00:00:00-04:00,0.011894734206898414,2023-03-06 00:00:00-05:00,27,0.9987373617652174
2023-03-14 00:00:00-04:00,-0.00041770168149762063,2023-03-06 00:00:00-05:00,27,0.9983201874898336
2023-03-15 00:00:00-04:00,0.008587356646405519,2023-03-06 00:00:00-05:00,27,1.006893118987115
2023-03-16 00:00:00-04:00,0.0013539002020505997,2023-03-06 00:00:00-05:00,27,1.008256351784355
2023-03-17 00:00:00-04:00,0.00586071420592791,2023-03-06 00:00:00-05:00,27,1.0141654541084746
2023-03-20 00:00:00-04:00,0.00648707306860206,2023-03-06 00:00:00-05:00,27,1.020744419512928
2023-03-21 00:00:00-04:00,-0.005797805665761843,2023-03-06 00:00:00-05:00,27,1.0148263417341812
2023-03-22 00:00:00-04:00,-0.0008532242765522573,2023-03-06 00:00:00-05:00,27,1.013960467262929
2023-03-23 00:00:00-04:00,0.0030280518315595416,2023-03-06 00:00:00-05:00,27,1.0170307921129536
2023-03-24 00:00:00-04:00,0.0064055232696190725,2023-03-06 00:00:00-05:00,27,1.023545406517752
2023-03-27 00:00:00-04:00,-0.0035828307965122003,2023-03-06 00:00:00-05:00,27,1.0198782165136517
2023-03-28 00:00:00-04:00,0.00024057540675926316,2023-03-06 00:00:00-05:00,27,1.0201235741304344
2023-03-29 00:00:00-04:00,0.0010175796461832484,2023-03-06 00:00:00-05:00,27,1.0211616311160614
2023-03-30 00:00:00-04:00,0.004258372662748846,2023-03-06 00:00:00-05:00,27,1.025510117890254
2023-03-31 00:00:00-04:00,0.005617327114139502,2023-03-06 00:00:00-05:00,27,1.0312707436813033
2023-04-03 00:00:00-04:00,0.009601540724016968,2023-03-06 00:00:00-05:00,27,1.0411725317242466
2023-04-04 00:00:00-04:00,0.005900314754104388,2023-03-06 00:00:00-05:00,27,1.0473157773747475
2023-04-05 00:00:00-04:00,0.01439656628887189,2023-04-04 00:00:00-04:00,27,1.0623935283891044
2023-04-06 00:00:00-04:00,4.249795757442406e-06,2023-04-04 00:00:00-04:00,27,1.062398043344614
2023-04-10 00:00:00-04:00,-0.006190232154912259,2023-04-04 00:00:00-04:00,27,1.0558215528153865
2023-04-11 00:00:00-04:00,0.0020898642788013825,2023-04-04 00:00:00-04:00,27,1.058028076563404
2023-04-12 00:00:00-04:00,0.0009467948223177676,2023-04-04 00:00:00-04:00,27,1.0590298120681612
2023-04-13 00:00:00-04:00,0.007850855154606273,2023-04-04 00:00:00-04:00,27,1.0673441017271184
2023-04-14 00:00:00-04:00,-0.009543774057759908,2023-04-04 00:00:00-04:00,27,1.057157610778352
2023-04-17 00:00:00-04:00,-0.002768593134073812,2023-04-04 00:00:00-04:00,27,1.0542307714755172
2023-04-18 00:00:00-04:00,-0.003979488326906127,2023-04-04 00:00:00-04:00,27,1.0500354724265653
2023-04-19 00:00:00-04:00,-0.0013055922545813564,2023-04-04 00:00:00-04:00,27,1.0486645542467294
2023-04-20 00:00:00-04:00,0.004588387745463457,2023-04-04 00:00:00-04:00,27,1.053476233836537
2023-04-21 00:00:00-04:00,-0.0012471771721222198,2023-04-04 00:00:00-04:00,27,1.052162362326323
2023-04-24 00:00:00-04:00,0.004679261681525332,2023-04-04 00:00:00-04:00,27,1.0570857053510998
2023-04-25 00:00:00-04:00,0.00716299925755471,2023-04-04 00:00:00-04:00,27,1.0646576094737015
2023-04-26 00:00:00-04:00,-0.010413024196669445,2023-04-04 00:00:00-04:00,27,1.0535713040250836
2023-04-27 00:00:00-04:00,-0.004180683890635612,2023-04-04 00:00:00-04:00,27,1.0491666554467098
2023-04-28 00:00:00-04:00,0.0056055292800723565,2023-04-04 00:00:00-04:00,27,1.0550477898534918
2023-05-01 00:00:00-04:00,-0.0027007296587694355,2023-04-04 00:00:00-04:00,27,1.0521983909960153
2023-05-02 00:00:00-04:00,0.008297567042235813,2023-04-04 00:00:00-04:00,27,1.0609290776870375
2023-05-03 00:00:00-04:00,-0.001982461656786532,2023-04-04 00:00:00-04:00,27,1.058825826469953
2023-05-04 00:00:00-04:00,-0.001381116044049404,2023-04-04 00:00:00-04:00,27,1.0573634651331614
2023-05-05 00:00:00-04:00,-0.0012590218767434156,2023-05-04 00:00:00-04:00,27,1.0560322213988895
2023-05-08 00:00:00-04:00,-0.0033234594006297303,2023-05-04 00:00:00-04:00,27,1.0525225411853134
2023-05-09 00:00:00-04:00,-0.0014313345682446658,2023-05-04 00:00:00-04:00,27,1.0510160292882582
2023-05-10 00:00:00-04:00,0.001582010324728264,2023-05-04 00:00:00-04:00,27,1.052678747498047
2023-05-11 00:00:00-04:00,-0.0001325472125592293,2023-05-04 00:00:00-04:00,27,1.0525392178643458
2023-05-12 00:00:00-04:00,0.0001684336639217006,2023-05-04 00:00:00-04:00,27,1.0527165009012318
2023-05-15 00:00:00-04:00,-0.004521727383874548,2023-05-04 00:00:00-04:00,27,1.04795640387165
2023-05-16 00:00:00-04:00,-0.008204109685751615,2023-05-04 00:00:00-04:00,27,1.0393588545884012
2023-05-17 00:00:00-04:00,-0.0024387699039239105,2023-05-04 00:00:00-04:00,27,1.0368240974944543
2023-05-18 00:00:00-04:00,-0.0072586646230997,2023-05-04 00:00:00-04:00,27,1.029298139097594
2023-05-19 00:00:00-04:00,0.003063069651978847,2023-05-04 00:00:00-04:00,27,1.0324509509903022
2023-05-22 00:00:00-04:00,-0.007944059162684446,2023-05-04 00:00:00-04:00,27,1.0242490995530653
2023-05-23 00:00:00-04:00,-0.0016551630188611252,2023-05-04 00:00:00-04:00,27,1.0225538003213832
2023-05-24 00:00:00-04:00,-0.006053525212003452,2023-05-04 00:00:00-04:00,27,1.0163637451105079
2023-05-25 00:00:00-04:00,-0.009093503062098971,2023-05-04 00:00:00-04:00,27,1.007121438282139
2023-05-26 00:00:00-04:00,0.0016805342079469535,2023-05-04 00:00:00-04:00,27,1.0088139403107288
2023-05-30 00:00:00-04:00,-0.0011656572053329595,2023-05-04 00:00:00-04:00,27,1.0076380090723653
2023-05-31 00:00:00-04:00,0.004639070213129032,2023-05-04 00:00:00-04:00,27,1.0123125125458694
2023-06-01 00:00:00-04:00,0.002558532242251864,2023-05-04 00:00:00-04:00,27,1.014902546748453
2023-06-02 00:00:00-04:00,0.004058672312261773,2023-05-04 00:00:00-04:00,27,1.0190217036145848
2023-06-05 00:00:00-04:00,0.0020352750793560556,2023-05-04 00:00:00-04:00,27,1.0210956930932744
2023-06-06 00:00:00-04:00,-0.004546822570718466,2023-06-05 00:00:00-04:00,27,1.0164529521490544
2023-06-07 00:00:00-04:00,-0.005416257222869628,2023-06-05 00:00:00-04:00,27,1.01094758150527
2023-06-08 00:00:00-04:00,0.01110714446996895,2023-06-05 00:00:00-04:00,27,1.0221763223446145
2023-06-09 00:00:00-04:00,0.0002791110462289281,2023-06-05 00:00:00-04:00,27,1.0224616230473746
2023-06-12 00:00:00-04:00,-0.001027222230844988,2023-06-05 00:00:00-04:00,27,1.0214113277379946
2023-06-13 00:00:00-04:00,-0.0016596580829000356,2023-06-05 00:00:00-04:00,27,1.0197161341719485
2023-06-14 00:00:00-04:00,-0.0005087611979804205,2023-06-05 00:00:00-04:00,27,1.0191973421699272
2023-06-15 00:00:00-04:00,0.01061998458505195,2023-06-05 00:00:00-04:00,27,1.0300212022328976
2023-06-16 00:00:00-04:00,0.0007128996886537668,2023-06-05 00:00:00-04:00,27,1.0307555040272762
2023-06-20 00:00:00-04:00,-0.0024984151643878817,2023-06-05 00:00:00-04:00,27,1.0281802488452383
2023-06-21 00:00:00-04:00,0.0013975955223116474,2023-06-05 00:00:00-04:00,27,1.0296172289571537
2023-06-22 00:00:00-04:00,0.00106143618939818,2023-06-05 00:00:00-04:00,27,1.0307101019451967
2023-06-23 00:00:00-04:00,-0.0019295360950727372,2023-06-05 00:00:00-04:00,27,1.0287213095999375
2023-06-26 00:00:00-04:00,-0.0026774431211480463,2023-06-05 00:00:00-04:00,27,1.0259669668059708
2023-06-27 00:00:00-04:00,-0.0010447497207299917,2023-06-05 00:00:00-04:00,27,1.024895088103922
2023-06-28 00:00:00-04:00,-0.003931367759285432,2023-06-05 00:00:00-04:00,27,1.0208658485979003
2023-06-29 00:00:00-04:00,-0.0022503670579233854,2023-06-05 00:00:00-04:00,27,1.0185685257216566
2023-06-30 00:00:00-04:00,0.009149686051859597,2023-06-05 00:00:00-04:00,27,1.0278881079543152
2023-07-03 00:00:00-04:00,-0.0015224561208376183,2023-06-05 00:00:00-04:00,27,1.026323193412824
2023-07-05 00:00:00-04:00,-0.001275688161550337,2023-06-05 00:00:00-04:00,27,1.0250139250650627
2023-07-06 00:00:00-04:00,-0.005611194711017455,2023-06-05 00:00:00-04:00,27,1.0192623723500185
2023-07-07 00:00:00-04:00,-0.010342881086251018,2023-07-06 00:00:00-04:00,27,1.0087202628371121
2023-07-10 00:00:00-04:00,0.0008286936262368936,2023-07-06 00:00:00-04:00,27,1.0095561828895814
2023-07-11 00:00:00-04:00,0.000695323637932395,2023-07-06 00:00:00-04:00,27,1.0102581511673652
2023-07-12 00:00:00-04:00,0.0024046918219849567,2023-07-06 00:00:00-04:00,27,1.012687510681571
2023-07-13 00:00:00-04:00,0.006166970604169016,2023-07-06 00:00:00-04:00,27,1.0189327247911533
2023-07-14 00:00:00-04:00,0.00740534507415877,2023-07-06 00:00:00-04:00,27,1.0264782732255846
2023-07-17 00:00:00-04:00,-0.0037158266222244505,2023-07-06 00:00:00-04:00,27,1.022664057930798
2023-07-18 00:00:00-04:00,0.004549898184349892,2023-07-06 00:00:00-04:00,27,1.027317075271177
2023-07-19 00:00:00-04:00,0.006174791893021078,2023-07-06 00:00:00-04:00,27,1.0336605444191236
2023-07-20 00:00:00-04:00,0.014090389461824246,2023-07-06 00:00:00-04:00,27,1.0482252240613104
2023-07-21 00:00:00-04:00,0.004722129987755418,2023-07-06 00:00:00-04:00,27,1.0531750798257717
2023-07-24 00:00:00-04:00,0.0005699438659923061,2023-07-06 00:00:00-04:00,27,1.0537753305023343
2023-07-25 00:00:00-04:00,0.0017014937504171025,2023-07-06 00:00:00-04:00,27,1.0555683226415278
2023-07-26 00:00:00-04:00,0.002890173614701668,2023-07-06 00:00:00-04:00,27,1.0586190983561412
2023-07-27 00:00:00-04:00,-0.0064509144392395955,2023-07-06 00:00:00-04:00,27,1.0517900371289008
2023-07-28 00:00:00-04:00,0.008212134123815669,2023-07-06 00:00:00-04:00,27,1.0604274779838965
2023-07-31 00:00:00-04:00,-0.008615033283889793,2023-07-06 00:00:00-04:00,27,1.0512918599659138
2023-08-01 00:00:00-04:00,-0.004685122469882706,2023-07-06 00:00:00-04:00,27,1.0463664288503827
2023-08-02 00:00:00-04:00,0.0007170366833882661,2023-07-06 00:00:00-04:00,27,1.0471167119641343
2023-08-03 00:00:00-04:00,-0.0038056102731109875,2023-07-06 00:00:00-04:00,27,1.0431317938479374
2023-08-04 00:00:00-04:00,-0.004111267779688326,2023-07-06 00:00:00-04:00,27,1.038843199713922
2023-08-07 00:00:00-04:00,0.007828153741015172,2023-08-04 00:00:00-04:00,27,1.0469754239940907
2023-08-08 00:00:00-04:00,-0.0024452280947386057,2023-08-04 00:00:00-04:00,27,1.0444153302728396
2023-08-09 00:00:00-04:00,-0.0005526267056895258,2023-08-04 00:00:00-04:00,27,1.0438381584694993
2023-08-10 00:00:00-04:00,-0.003627823118238533,2023-08-04 00:00:00-04:00,27,1.0400512982665042
2023-08-11 00:00:00-04:00,0.0034665177655063043,2023-08-04 00:00:00-04:00,27,1.043656654568983
2023-08-14 00:00:00-04:00,-0.0028523686168605246,2023-08-04 00:00:00-04:00,27,1.0406797610807126
2023-08-15 00:00:00-04:00,-0.005429434074279771,2023-08-04 00:00:00-04:00,27,1.0350294589254876
2023-08-16 00:00:00-04:00,-0.004601523914715134,2023-08-04 00:00:00-04:00,27,1.0302667461178072
2023-08-17 00:00:00-04:00,-0.005267285862089573,2023-08-04 00:00:00-04:00,27,1.0248400366517998
2023-08-18 00:00:00-04:00,0.0013480526881374066,2023-08-04 00:00:00-04:00,27,1.026221575018119
2023-08-21 00:00:00-04:00,-0.007633209690280136,2023-08-04 00:00:00-04:00,27,1.018388210547316
2023-08-22 00:00:00-04:00,-0.002810013406937611,2023-08-04 00:00:00-04:00,27,1.0155265260222108
2023-08-23 00:00:00-04:00,0.00681179384127656,2023-08-04 00:00:00-04:00,27,1.0224440833578219
2023-08-24 00:00:00-04:00,-0.002647109964246551,2023-08-04 00:00:00-04:00,27,1.0197375614368804
2023-08-25 00:00:00-04:00,0.005281586651589858,2023-08-04 00:00:00-04:00,27,1.0251233937294901
2023-08-28 00:00:00-04:00,0.0010312848655639334,2023-08-04 00:00:00-04:00,27,1.026180587970779
2023-08-29 00:00:00-04:00,0.004838462184613252,2023-08-04 00:00:00-04:00,27,1.0311457239402597
2023-08-30 00:00:00-04:00,0.0007087327010238313,2023-08-04 00:00:00-04:00,27,1.031876530634337
2023-08-31 00:00:00-04:00,-0.005440690391329597,2023-08-04 00:00:00-04:00,27,1.0262624099090762
2023-09-01 00:00:00-04:00,-0.0052177880370626204,2023-08-04 00:00:00-04:00,27,1.0209075901837656
2023-09-05 00:00:00-04:00,-0.0072950169448313265,2023-08-04 00:00:00-04:00,27,1.013460052014268
2023-09-06 00:00:00-04:00,-0.002726187047772036,2023-09-05 00:00:00-04:00,27,1.0106971703470324
2023-09-07 00:00:00-04:00,0.006819721006225526,2023-09-05 00:00:00-04:00,27,1.0175898430705808
2023-09-08 00:00:00-04:00,0.00041838432884952573,2023-09-05 00:00:00-04:00,27,1.0180155867141178
2023-09-11 00:00:00-04:00,0.004788000764565737,2023-09-05 00:00:00-04:00,27,1.022889846121645
2023-09-12 00:00:00-04:00,-0.002560808419765485,2023-09-05 00:00:00-04:00,27,1.020270421191204
2023-09-13 00:00:00-04:00,0.0022104185472049185,2023-09-05 00:00:00-04:00,27,1.0225256458533696
2023-09-14 00:00:00-04:00,0.00348880068442836,2023-09-05 00:00:00-04:00,27,1.0260930340264682
2023-09-15 00:00:00-04:00,-0.003779759084008403,2023-09-05 00:00:00-04:00,27,1.022214649560069
2023-09-18 00:00:00-04:00,0.0036367542431855137,2023-09-05 00:00:00-04:00,27,1.0259321930243028
2023-09-19 00:00:00-04:00,-0.003426141875576065,2023-09-05 00:00:00-04:00,27,1.0224172037762806
2023-09-20 00:00:00-04:00,0.003239135125447696,2023-09-05 00:00:00-04:00,27,1.0257289512538945
2023-09-21 00:00:00-04:00,-0.010201853078690749,2023-09-05 00:00:00-04:00,27,1.0152646151946427
2023-09-22 00:00:00-04:00,0.001265627265349707,2023-09-05 00:00:00-04:00,27,1.016549561773178
2023-09-25 00:00:00-04:00,-0.005310851357439635,2023-09-05 00:00:00-04:00,27,1.0111508181531301
2023-09-26 00:00:00-04:00,-0.007253022198093856,2023-09-05 00:00:00-04:00,27,1.0038169188234447
2023-09-27 00:00:00-04:00,-0.010173009286797768,2023-09-05 00:00:00-04:00,27,0.9936050799860091
2023-09-28 00:00:00-04:00,-0.0010750540057775618,2023-09-05 00:00:00-04:00,27,0.9925369008646092
2023-09-29 00:00:00-04:00,-0.006731380421848785,2023-09-05 00:00:00-04:00,27,0.9858557574021668
2023-10-02 00:00:00-04:00,-0.0057301216671209205,2023-09-05 00:00:00-04:00,27,0.9802066839660207
2023-10-03 00:00:00-04:00,-0.006657050386281266,2023-09-05 00:00:00-04:00,27,0.9736813986818892
2023-10-04 00:00:00-04:00,0.004627511106861402,2023-09-05 00:00:00-04:00,27,0.978187120168834
2023-10-05 00:00:00-04:00,-0.012562433933171357,2023-10-04 00:00:00-04:00,27,0.9658987090974339
2023-10-06 00:00:00-04:00,0.0018491845866620163,2023-10-04 00:00:00-04:00,27,0.9676848341025736
2023-10-09 00:00:00-04:00,0.008085557568833654,2023-10-04 00:00:00-04:00,27,0.9755091055371972
2023-10-10 00:00:00-04:00,0.005098693091566417,2023-10-04 00:00:00-04:00,27,0.9804829270743598
2023-10-11 00:00:00-04:00,0.00028717056879090246,2023-10-04 00:00:00-04:00,27,0.9807644929142174
2023-10-12 00:00:00-04:00,-0.00828027893065526,2023-10-04 00:00:00-04:00,27,0.972643489347605
2023-10-13 00:00:00-04:00,0.01435993125118069,2023-10-04 00:00:00-04:00,27,0.986610582986545
2023-10-16 00:00:00-04:00,0.000265518329779663,2023-10-04 00:00:00-04:00,27,0.9868725461806827
2023-10-17 00:00:00-04:00,-0.0005492243685413807,2023-10-04 00:00:00-04:00,27,0.9863305317296757
2023-10-18 00:00:00-04:00,0.003031324535630751,2023-10-04 00:00:00-04:00,27,0.9893204196707496
2023-10-19 00:00:00-04:00,-0.004110816408635923,2023-10-04 00:00:00-04:00,27,0.9852535050561684
2023-10-20 00:00:00-04:00,0.00044696738332727286,2023-10-04 00:00:00-04:00,27,0.9856938812372372
2023-10-23 00:00:00-04:00,-0.0014458030011711847,2023-10-04 00:00:00-04:00,27,0.9842687620655084
2023-10-24 00:00:00-04:00,0.009338042528687801,2023-10-04 00:00:00-04:00,27,0.9934599056253349
2023-10-25 00:00:00-04:00,-0.00038055746005571456,2023-10-04 00:00:00-04:00,27,0.9930818370469829
2023-10-26 00:00:00-04:00,-0.0020086191032953993,2023-10-04 00:00:00-04:00,27,0.9910871138979547
2023-10-27 00:00:00-04:00,-0.008461142406113785,2023-10-04 00:00:00-04:00,27,0.9827013846903998
2023-10-30 00:00:00-04:00,0.007357787508358066,2023-10-04 00:00:00-04:00,27,0.9899318926631211
2023-10-31 00:00:00-04:00,0.0015261360437444837,2023-10-04 00:00:00-04:00,27,0.9914426634053664
2023-11-01 00:00:00-04:00,0.004096521976292516,2023-10-04 00:00:00-04:00,27,0.9955041300642404
2023-11-02 00:00:00-04:00,0.00992823860667985,2023-10-04 00:00:00-04:00,27,1.0053877326014535
2023-11-03 00:00:00-04:00,-0.0014346154899775722,2023-11-02 00:00:00-04:00,27,1.00394538778683
2023-11-06 00:00:00-05:00,-0.0012514753903098263,2023-11-02 00:00:00-04:00,27,1.0026889748407999
2023-11-07 00:00:00-05:00,0.0019390322576525452,2023-11-02 00:00:00-04:00,27,1.0046332211074087
2023-11-08 00:00:00-05:00,-0.002271615644332739,2023-11-02 00:00:00-04:00,27,1.0023510805655247
2023-11-09 00:00:00-05:00,-0.006534579692063759,2023-11-02 00:00:00-04:00,27,0.9958011375501431
2023-11-10 00:00:00-05:00,0.0011560803632467255,2023-11-02 00:00:00-04:00,27,0.9969523636909635
2023-11-13 00:00:00-05:00,0.004109483684840716,2023-11-02 00:00:00-04:00,27,1.0010493231641149
2023-11-14 00:00:00-05:00,0.004163917400705371,2023-11-02 00:00:00-04:00,27,1.0052176098598022
2023-11-15 00:00:00-05:00,-0.0017505256921222377,2023-11-02 00:00:00-04:00,27,1.003457950607569
2023-11-16 00:00:00-05:00,-0.00023811783369178134,2023-11-02 00:00:00-04:00,27,1.0032190093741695
2023-11-17 00:00:00-05:00,-0.0024514612897218097,2023-11-02 00:00:00-04:00,27,1.0007596568075756
2023-11-20 00:00:00-05:00,0.0003459891611353402,2023-11-02 00:00:00-04:00,27,1.0011059088017324
2023-11-21 00:00:00-05:00,0.005919347602251838,2023-11-02 00:00:00-04:00,27,1.0070318026625982
2023-11-22 00:00:00-05:00,0.0017913041672788866,2023-11-02 00:00:00-04:00,27,1.0088357029272899
2023-11-24 00:00:00-05:00,0.0030097933168393106,2023-11-02 00:00:00-04:00,27,1.0118720898837494
2023-11-27 00:00:00-05:00,0.0015811198391919507,2023-11-02 00:00:00-04:00,27,1.0134719809197892
2023-11-28 00:00:00-05:00,0.0050955384047993045,2023-11-02 00:00:00-04:00,27,1.018636166320754
2023-11-29 00:00:00-05:00,-0.0027130287692371745,2023-11-02 00:00:00-04:00,27,1.0158725770961403
2023-11-30 00:00:00-05:00,0.008349843697448041,2023-11-02 00:00:00-04:00,27,1.0243549543314168
2023-12-01 00:00:00-05:00,0.0075325166315065445,2023-11-02 00:00:00-04:00,27,1.0320709250614843
2023-12-04 00:00:00-05:00,-0.004932804271892983,2023-11-02 00:00:00-04:00,27,1.0269799211934445
